"Titulo";"URL"
Gobierno asegura que sí autorizó informe del FMI y apunta a la ALP por no aprobar créditos;https://www.lostiempos.com/actualidad/economia/20250529/gobierno-asegura-que-si-autorizo-informe-del-fmi-apunta-alp-no-aprobar
ABC reporta cuatro puntos de bloqueos en dos departamentos por falta de combustible;https://www.lostiempos.com/actualidad/economia/20250529/abc-reporta-cuatro-puntos-bloqueos-dos-departamentos-falta-combustible
Descargan tres buques con más de 100 millones de litros de combustible en puertos de Chile y Perú;https://www.lostiempos.com/actualidad/economia/20250529/descargan-tres-buques-mas-100-millones-litros-combustible-puertos-chile
Transportistas bloquean la carretera a Laja en demanda de combustible;https://www.lostiempos.com/actualidad/economia/20250529/transportistas-bloquean-carretera-laja-demanda-combustible
Bolivia recibe en París la certificación de país libre de aftosa sin vacunación;https://www.lostiempos.com/actualidad/economia/20250529/bolivia-recibe-paris-certificacion-pais-libre-aftosa-vacunacion
Doria Medina presenta a José Gabriel Espinoza como jefe de su equipo económico;https://www.lostiempos.com/actualidad/pais/20250529/doria-medina-presenta-jose-gabriel-espinoza-como-jefe-su-equipo-economico
!Qué frío! Crece oferta de ropa abrigada en Cochabamba;https://www.lostiempos.com/actualidad/cochabamba/20250529/que-frio-crece-oferta-ropa-abrigada-cochabamba
La selección se entrena desde hoy con Terceros y los jugadores de Bolívar;https://www.lostiempos.com/deportes/futbol/20250529/seleccion-se-entrena-hoy-terceros-jugadores-bolivar
Armada Boliviana comiso 430 kilos de trucha en el lago Titicaca;https://www.lostiempos.com/actualidad/economia/20250529/armada-boliviana-comiso-430-kilos-trucha-lago-titicaca
Invierten Bs 126 millones en moderno edificio municipal de 18 pisos;https://www.lostiempos.com/actualidad/cochabamba/20250529/invierten-bs-126-millones-moderno-edificio-municipal-18-pisos
Musk anuncia su salida del Gobierno de EEUU;https://www.lostiempos.com/actualidad/mundo/20250529/musk-anuncia-su-salida-del-gobierno-eeuu
Trump impugna el fallo judicial que bloquea su política arancelaria;https://www.lostiempos.com/actualidad/mundo/20250529/trump-impugna-fallo-judicial-que-bloquea-su-politica-arancelaria
Bolívar avanza al play off de la Sudamericana tras una goleada;https://www.lostiempos.com/deportes/futbol/20250529/bolivar-avanza-al-play-sudamericana-goleada
Andrónico y UCS afinan negociaciones para consolidar candidatura conjunta;https://www.lostiempos.com/actualidad/pais/20250529/andronico-ucs-afinan-negociaciones-consolidar-candidatura-conjunta
